text,status
air nya segarrrr umbul pokok mantap kolam khusus wanita nya pokok recommended,positive
kalo renang langgan kesini kadang habis subuh kadang jam an air seger asli umbul langsung kalo pagi terapi kolam renang panjang m lebar m dalam m harga tiket masuk normal rb hubung susah langgan htm nya rb parkir rb,positive
recomended berengang idr masuk k tarif parkir mobil k bersih lumayan bersih kolam khusus muslimah point banget semenjak pohon ruang ganti tebang panas over all recomended,positive
mohon tingkat bersih bpk kelola daun jatuh kolam renang lantai lumut mana sampah tunggu ala kadar kamar mandi gelap bau balut sumpal pintu jaga kolam khusus wanita tidur main hp harga orang rekomended kesini krna kotor kolam variasi anak main prosotan kolam dalam atas m sewa ban pelampung biaya k,negative
bersih kolam renang khusus muslimah yg jd favorit,positive
i like this pool kolam khusus perempuan tiket k only worth it bgt thankyou ya perempuan aman nyaman,positive
umbul nyaman kesan htm k,positive
kolam kolam khusus wanita kolam yg meter air kotor umbul keramik ikan air dingin sejuk,positive
umbul yg langsung sumber bersih alami kolam renang sangaat awat kolam air kotor dasar kolam kuras ruang ganti bilas ala kadar sempit bau pesing harga tiket masuk k k parkir murah cenderung mahal umbul area klaten next moga rawat lokasi strategis pinggir jalan raya parkir luas,negative
alhamdulillah akses jalur nasional provinsi air alami mata air fresh cool,positive
air umbul jernih berasall mata air asli pas kesana tempat suk sukan lumayan rame pilih renang khusus perempuan beneran worth it kunjung,positive
umbul kunjung zaman keluarga top rapi bersih awat mata air sendang asli air segar bersih kolam renang meter mahir renang latih selam warung warung lengkap,positive
air segerrr tempat bersih tugas ramah kamar mandi mohon gantung baju nya lampu kamar mandi nyala pegang pinggir kolam lepas mohon baik nyaman unjung,positive
kesini senin sore asa kolam pribadi tp sayang gak jual dalam pd libur air dingin pol kolam luaaas tingkat bersih aja krn sampah bbrp puntung rokok gitu sy alergi kamar mandi udah bersih nyaman harga tiket masuk rb,positive
sakit syaraf jepit radang sendi keluh otot mari ikhtiar sehat renang kolam renang susuh pilih dalam kolam agam buka layan loket parkir yg ramah murah senyum coba rasa alam sedia kolam khusus akhwat,positive
salah wisata air air asal mata air kota klaten tempat modern kolam renang kolam khas batu alam kolam renang ubin keramik suka kolam renang khusus wanita sana ajak anak istri renang kolam dalam kolam batu alami mata air dalam m kolam anak anak m kolam dewasa batu alam pasir m belah pintu masuk dalam m kolam balita bagi dalam cm tiket masuk wisata murah rp orang anak anak bawah umur free parkir kendara mobil motor jam buka wisata jam sd jam khusus weekend jam sewa kacamata renang sewa ban pelampung harga sewa kuliner koperasi desa sedia soto makan minum ringan mie kopi,positive
umbul susuh luas tingkat dalam kolam kolam utk anak sedia kolam renang khusus utk akhwat parkir lumayan luas dalam kolam variasi jual makan mushola bersih nya bagus,positive
air bersih kolam sayang tiket orang pas sepi serasa kolam pribadi haha,positive
tiket k parkir k km mandi ruang ganti parkir pada kolam khusus cwnya kolam ikan kecuali yg cw kantin harga jangkau mushola coffeeshop gazebo kolam ank yg air ember jatuh kurang kolam sampah plastik yg terbang gitu sayang ga langsung diambilin,positive
kolam renang mata air alami tingkat kolam anak anak remaja dewasa khusus wanita sedia jajan baju khas sedia fasilitas mushola,positive
air kolam renang bersih kolam renang muslimah jual makan takut haus lapar tiket jangkau cocok anak giat anak sekolah tingkat sarana prasarana,positive
kunjung siang minggu ramai tiket rb parkir mobil rb bayar loket masuk kolam khusus wanita tutup gak masuk kesitu jd gak ngerti dalem kolam anak tk balita kolam anak tanggung kalo g salah kolam yg dalem kolam umbul air jernih kolam ikan saran aja biak kolam umbul bikin yg cethek biar anak balita maen kolam yg alami kolam keramik biar nuansa alami dapet ikan kecil yg tarik maen anak trus prosotan yg keramik gitu sempit banget anak yg asik maen situ digedein fasilitas anak maen kalo anak tanggung tandem ama anak tk balita ya riskan kolam yg dalem sepi minat krn yg maen ya anak sayang aja gak manfaat dg efisien overall lumayan sih anak maen air btw tas makan anak tinggal isi botol minum biji yg tupperware males udah sekolah ya ikhlas rejekinya yg nemu moga manfaat hehe,positive
tempat nyaman ajar renang renang betul cocok kolam khusus perempuan anak dewasa air sueeegerrre dingin bersih,positive
kali kali kunjung bagus tempat bersih rapih kolam yg tawar yg anak khusus yg dewasa meter dalam kalo ga salah yg khusus kolam wanita yg hijab biar ndak bareng ikhwan nih yg khusus wanita bagi kolam yg bawah pakai batu kayak adem nyamn sii cuman dalam cm ku ga renang hehe ga berani coba duduk nya naruh barang situ taman gazebo binatang hamster kandang eh lupa yg ga renang kayak tu nyewa ban cuman k yg lupa ga bawa baju renang baju ganti situ jual celana kolor deh kalo ga salah kemarin ku lihat kalo salah mohon koreksi yaaa kantin banget jajan yg tawar variatif banget makan minum ringan sampe yg berat yg berat yak bagus oh iya lupa layan bagus akses jalan yg pake kursi roda,positive
bagus sih lumayan kolam tp tolong perhati kolam kolam yg bersih,positive
air spesial terus umbul mata air seger sejuk air air bawah pohon beringin kes alami renang ikan koi foto air rekomended banget libur keluarga harga tiket masuk rp pas kantong,positive
salah puluh sumber mata air alami klaten segar sayang pohon mata air utama tumbang pohon tambah suasana rindang senang lama situ kamar ganti bersih lumayan tingkat nampak kumuh kolam renang khusus putri jarang mandi umbul,positive
kolam khusus perempuan kolam kotor kamar mandi laba air dingin masuk dhuhur mentari terik aja dingiiiin,positive
biaya masuk ribu plus parkir ribu nikmat bagi kolam yg sedia air alami dalam kolam yg khuss anak lutut m yg m kolam wanita ruang bilas free,positive
umbul bersih luas kolam yg khusus muslimah anak anak jaga kolam muslimahnya tertib jaga dalam jual makan dalem trus biaya masuk jangkau parkir roda persewaanal ban kamar ganti pisah pria wanita nyaman mushola,positive
tmpt mandi yg ckp htm kolam skrg proses renov kolam khusus perempuan jg tutup gitu cocok yg hijab mushola luas kantin yg jual goreng smp antri spot foto jg lumayan seger siang buka jm wib,positive
renang yg enak lengkap anak dewasa khusus yg wanita sendiri air gak bau kaporit area buru ikan,positive
tiket masuk jangkau kaporit buka buka tugas jual ramah kolam balita dewasa renang pisah tutup laki laki dgn perempuan monggo mampir,positive
air renang mata air bnyk pilih kolam kolam khusus wanita sarana makan minum biaya masuk relatif murah utk acara keluarga kumpul asik,positive
kesini ubah lumayan drastis umbul ajar renang pulang sekolah sabtu sepeda teman renang maen air jd nostalgia inget yg indah umbul kelola bumdes milik lurah manjung camat ngawen kabupaten klaten fasilitas komplit kolam profesional kolam dewasa kolam anak anak kolam khusus wanita privat umbul keluar mata air msh pohon beringin sdh hilang krn tebang air jernih daun daun jatuh tp kurang indah jernih air overall cocok libur keluarga yg anak,positive
umbul susuh main renang lokasi rumah kampung mandi sumber mata air alir air sejuk segar masuk gratis area mandi cuman pria wanita cocok anak yg renang mandi hehe rupa bagus main air anak balita area mandi anak remaja dewasa khusus wanita dewasa tutup area nyari tangkap ikan anak jajan minum harga jg murah wisata htm dewasa anak yg anjak remaja balita ga hitung kadang bawa anak hitung cmn hehe lokasi mudah temu pinggir jalan raya klaten jatinom,positive
kotor penuh sampah kamar mandi kotor bau tunggu gk nyaman jelek dalam kolam m an yg dalam pendek cmn dikit gk rekomended pokok e,negative
kolam renang air jernih kolam anak kolam dewasa kolam khusus wanita kolam ikan tangkap ikan d kolam yg sedia khusus fasilitas lmyan lengkap mushola toilet ruang ganti bersih kantin jual jajan lokasi sedia loker ruang tunggu sedia pintu masuk khusus difabel harga tiket masuk luas nyaman family friendly lahan parkir lumayan luas,positive
bagus rame tiket murah rb sepi tempat bnyk sampah kolam renang lumut kasi dagang e tidur sepi unjung tiket rb parkir rb males kesini saran mending dibalikin kek tiket rb biar unjung,neutral
mantap kolam renang luas anak dewasa ready air bersih kotor wajar nama renang harga tiket k orang juni tarif segitu renang relatif murah dar antar anak renang mahal,positive
private pool khusus wanita kolam renang nyaman fasilitas lengkap bersih rapi harga tiket masuk rp tutup jam sore,positive
air segerrrr lokasi mudah jangkau warung jd jgn khawatir klo blm sarap kolam nya lengkap utk anak muslimah main kolam khusus renang kamar mandi bersih nyaman tiket masuk rb org,positive
gerrrr bangeett asli air sumber tanah mata air pilih kolam renang khusus anak dewasa alami khusus wanita jg jamin bebas cowok cocok keluarga tempat lumayan luas skrg jg foto underwaternya fto sndri kl ga ad alat pke jasa foto lokasi oiya jalur difabel tugas ramah betah pokok harga cm rb puas,positive
air dingin bening natural banget kolam alami bebatuan kolam standar anak dewasa sedia warung coffe goreng,positive
harga ekonomis tiket masuk rb kolam renang sewa ban gazebo spot foto pohon rindang air bersih umbul jernih air ikan warna warni tarik kolam renang khusus muslimah tutup laki laki masuk muslimah renang bebas malu kamar ganti kamar mandi gak antri sperti kolam renang banyak bawa makan bebas bawa makan minum,positive
tempat sejuk siang rame banget kalo kesini keluarga milih berangkat subuh renang jam air dingin jajan lumayan enak taruh tas kamar mandi luas,positive
strategis jalan raya htm k dalam kolam variasi kolam renang anak musholla kolam renang wanita jual menu jual variasi,positive
lokasi mudah jangkau letak tepi jalur utama jatinom klaten dalam kolam agam dalam ukur anak anak sedia kolam renang khusus wanita air segar asal sumber mata air asli,positive
kolam renang khusus anak wanita dll sedia fasilitas mushola yg jual tiket masuk rb orang so great,positive
ny sejuk nyaman bikin betah d situ anak jg happy renang pilih makan ny jg harga jangkau,positive
kolam air alir mata air kolam kuras selasa jumat rekomen hobi renang kolam khusus wanita loh,positive
bismillah nyaman kolam khusus anak remaja dewasa yg istimewa kolam khusus cewek wanita tiket masuk rb parkir rb puas renang sana recomended banget,positive
pas kesini kali alami warga mandi nyuci baju air seger suasana rindang akses mudah pinggir jalan,positive
tempat bagus kolam yg khusus perempuan km mandi bagus selfi kolam renang lebaran harga ya seh ok tp habis lebaran normalin lg spot foto underwater nya lho biaya tau,positive
sedia kolam utk segmen dr anak yg cm pingin kolam khusus wanita ato kolam m utk yg serius renang,positive
harga tiket masuk objek wisata umbul susuh desa manjung camat ngawen rp rp tambah harga tiket lantar tambah fasilitas kolam renang umbul tiket masuk umbul tera angka delapan coret bolpoin angka tutup angka cetak tiket angka tulis terang ribu rupiah tiket tulis rp pungut rp ubah rp coret pakai bolpoin pungut liar sudarto salah unjung umbul susuh jib minggu kepala desa manjung camat ngawen bambang pramana dewa pungli pemdes sengaja naik harga tiket susul selesai bangun kolam renang kawasan ganti tiket tiket sesuai harga cetak tiket harga senin tambah harga tiket masuk hari jelang lebaran rencana tarik ongkos tiket masuk rp unjung harga asuransi fasilitas objek wisata gazebo kolam renang anak harap unjung paham naik harga arogan naik tiket tingkat failitas layan imbau direktur badan usaha milik desa bum desa mahanani desa manjung agus tri joko saban umbul susuh kunjung an jogja semarang soloraya puncak libur lebaran lonjak raup omzet rp juta bulan dapat umbul capai rp rp juta joko beda umbul susuh banding umbul air alami bersih kelola rutin uras ganti air umbul umbul sedia kolam khusus perempuan kolam khusus perempuan pisah kolam beber,positive
enaak air bersih seger kolam dewasa yg kolam mata air belakang air dingin seger makan relatif murah jalan jalan keluarga anak pas banget kamar mandi htm masuk k ya manteman,positive
tempat renang pilih keluarga bersih pilih spot renang anak anak orang dewasa khusus perempuan jg kamar mandi komplit,positive
nya luas tiket masuk k parkir k air jernih sayange awat sampah sera kolame bersih lumut daun e kolam gak d sih mohon d baik biar unjung betah kunjung,neutral
tiket masuk k parkir k kolam ad anak remaja dewasa air jernih ad kolam khusus wanita jga ad pinjam ban gak renang saran bawa bekal ya rumah,positive
kolam renang mata air segar pilih kolam kolam anak kolam privasi utk wanita kolam m kolam kolam renang ikan habis renang makan goreng hangat mantap,positive
pas untung krn kesan pas kotor kolam lumut yg model alami ok,positive
rekomendasi wisata air kolam renang klaten jatinom ngupit ngawen manjung,positive
pinggir jalan jatinom boyolali salahh sumber mata air yg nama umbul susuh nikmat renang rendam air nan bening nikmat ngopi ngopi santai makan popmie enak hhi,positive
kolam khusus perempuan nyaman renang kerja siang lumayan panas nggak tutup atas rasa banget sinar matahari unjung iseng foto kolam renang perhati depan moga tutup atas sticker foto kolam renang khusus wanita,positive
nyaman kolam khusus wanita mula bs renang kolam nggak cocok dalam cm sd m,positive
tempat bersih kamar mandi bersih kolam renang khusus wanita,positive
umbul susuh jatinom klaten nyaman aman cocok utk wisata air pekan,positive
nyaman area khusus wanita tutup tp singup alias cahaya udara area khusus anak mata air jernih masyaallah seger bgt hangat badan renang beli makan soto belah enak rekomen soto,positive
salah wisata air buat limpah air jernih asli mata air menjafi alternatif renang cocok anak anak fan keluarga kolam dalam beda beda sedia jajan lokal goreng pecel soto tani segar berendem lama dsini hehe sekitar kolam renang jajan kini steak singkong keju martabak lupa nyebuurrr klo sih yaa,positive
seru banget main air keluarga kolam anak anak yg aman bayi kolam dewasa utk menu makan variasi,positive
kolam khusus wanita jg tarif masuk rb pagi sblm jam harga,positive
harga oke krn fasilitas nambah kamar bilas gak antri kolam renang khusus akhwat hijab kolam utk anak lumayan harga makan sahabat air alami dingin cocok keluarga,positive
bersih harga tiket murah kolam khusus wanita mantab,positive
salah renang favorit keluarga bersih luas air segar asal mata air,positive
mudah jangkau parkir mobil tiket masuk ribu kolam anak anak kolam dewasa dalam variasi m m m sedia kolam khusus wanita,positive
pilih kolam renang kolam muslimahnya yg jual jajan tiket masuk rb orang,positive
kolam renang pinggir jalan klaten jatinom cocok keluarga tiket masuk rp air jernih kaporit,positive
air bersih segar asal dr sumber air alami pilih kolam kedalamanya variasi,positive
nyaman fasilitas komplit bersih taman gazebo sewa ban kamera kolam renang wanita recommended keren,positive
transformasi modern umbul yg asli tahan bentuk renang mending kolam yg asli utara kolam yg air kotor,positive
wahana air walapun ramai unjung nikmat wahana kolam dewasa kolam khusus putri anak umbul alami fasilitas mushola kamar ganti,positive
mandi yg jernih air fasilitas ok tiket jangkau pokok bagus bgt tempat,positive
umbul susuh umbul yg klaten kunjung banyak jenis kolam renang sedia anak dewasa khusus perempuan kolam bebatuan asli mata air enjoy swimming,neutral
lokasi strategis tiket masuk k parkir kolam luas lumayan tenang yg warung nice,positive
kolam renang komplit banget tinggal pilih yg nyaman,positive
nyaman bersih recomended lepas penat anggota keluarga htm k unjung parkir motor k,positive
kolam renang kluarga yg lumayan luas air dingin skaliiiiiii lokasi samping jalan yg mudah temu,positive
air bersih sejuk asal mata air langsung kolam renang variasi kolam anak kolam dewasa yg kolam khusus wanita tiket murah kantin sedia goreng jajan anak makan warung makan,neutral
kolam utama bersih kolam khusus putri kolam arus buka air murni umbul segar turunin harga masuk nya lat operasional tarif turun ribu kesini pagi sore,positive
alam mantap air nya dingin retribusi parkir ribu rupiah,positive
the best pool in town renang khusus wanita kolam dasar batu alam kolam kolam tinggal pilih sesuai selera jual cilok lapar,positive
wisata air yg air langsung sumber suegarnya kolam anak dewasa cocok wisata keluarga bocor kelola kolam air panas,positive
htm k renang khusus perempuan kolam kotor kotor warna hitam,neutral
rekreasi keluarga murah riah relaksasi pikir jiwa raga d tempat lurrr monggo d tuweni,positive
sejuk air murni umbul kaporit khusus muslimah harga makan relatif jangkau kamar bilas sedia,positive
pilih kolam renang usia lengkap pilih dalam kolam lengkap lengkap kolam renang khusus wanita jamin aman air langsung mata air jernih,positive
kolam air alami air nya sejuk banget kolam perempuan pisah neng banget,positive
sedia kolam renang anak org dewasa,positive
nyaman air bersih dingin segar langsung sumberny mushola pokokny joooossssss,positive
